"","Pred"
"vOTU_1","temperate"
"vOTU_4","virulent"
"vOTU_5","virulent"
"vOTU_7","virulent"
"vOTU_8","virulent"
"vOTU_9","virulent"
"vOTU_11","virulent"
"vOTU_12","virulent"
"vOTU_13","virulent"
"vOTU_17","virulent"
"vOTU_18","virulent"
"vOTU_19","virulent"
"vOTU_21","virulent"
"vOTU_22","temperate"
"vOTU_24","temperate"
"vOTU_25","virulent"
"vOTU_26","virulent"
"vOTU_30","virulent"
"vOTU_31","virulent"
"vOTU_32","virulent"
"vOTU_35","virulent"
"vOTU_37","virulent"
"vOTU_41","virulent"
"vOTU_42","temperate"
"vOTU_43","virulent"
"vOTU_45","virulent"
"vOTU_50","virulent"
"vOTU_53","virulent"
"vOTU_54","virulent"
"vOTU_55","virulent"
"vOTU_56","temperate"
"vOTU_57","temperate"
"vOTU_59","virulent"
"vOTU_61","temperate"
"vOTU_62","virulent"
"vOTU_64","temperate"
"vOTU_65","virulent"
"vOTU_68","virulent"
"vOTU_69","virulent"
"vOTU_71","temperate"
"vOTU_72","virulent"
"vOTU_73","virulent"
"vOTU_75","virulent"
"vOTU_79","virulent"
"vOTU_80","virulent"
"vOTU_86","virulent"
"vOTU_87","virulent"
"vOTU_91","temperate"
"vOTU_92","virulent"
"vOTU_94","temperate"
"vOTU_96","temperate"
"vOTU_105","virulent"
"vOTU_106","virulent"
"vOTU_107","virulent"
"vOTU_108","temperate"
"vOTU_109","virulent"
"vOTU_110","virulent"
"vOTU_111","virulent"
"vOTU_119","temperate"
"vOTU_123","virulent"
"vOTU_124","virulent"
"vOTU_125","virulent"
"vOTU_131","temperate"
"vOTU_134","temperate"
"vOTU_137","virulent"
"vOTU_138","virulent"
"vOTU_141","temperate"
"vOTU_142","virulent"
"vOTU_147","virulent"
"vOTU_149","virulent"
"vOTU_153","virulent"
"vOTU_155","virulent"
"vOTU_156","virulent"
"vOTU_161","virulent"
"vOTU_162","temperate"
"vOTU_163","virulent"
"vOTU_164","temperate"
"vOTU_165","temperate"
"vOTU_166","temperate"
"vOTU_167","temperate"
"vOTU_171","virulent"
"vOTU_174","temperate"
"vOTU_175","virulent"
"vOTU_176","virulent"
"vOTU_177","virulent"
"vOTU_178","temperate"
"vOTU_183","virulent"
"vOTU_186","temperate"
"vOTU_187","temperate"
"vOTU_189","virulent"
"vOTU_190","virulent"
"vOTU_196","temperate"
"vOTU_199","virulent"
"vOTU_208","virulent"
"vOTU_209","temperate"
"vOTU_214","virulent"
"vOTU_216","virulent"
"vOTU_217","temperate"
"vOTU_219","virulent"
"vOTU_220","virulent"
"vOTU_223","virulent"
"vOTU_224","temperate"
"vOTU_225","virulent"
"vOTU_227","virulent"
"vOTU_229","virulent"
"vOTU_233","virulent"
"vOTU_237","temperate"
"vOTU_238","virulent"
"vOTU_241","virulent"
"vOTU_242","virulent"
"vOTU_247","temperate"
"vOTU_248","temperate"
"vOTU_249","temperate"
"vOTU_250","temperate"
"vOTU_251","temperate"
"vOTU_252","virulent"
"vOTU_253","virulent"
"vOTU_254","temperate"
"vOTU_255","virulent"
"vOTU_256","virulent"
"vOTU_257","temperate"
"vOTU_258","temperate"
"vOTU_259","virulent"
"vOTU_263","virulent"
"vOTU_264","virulent"
"vOTU_266","virulent"
"vOTU_267","temperate"
"vOTU_268","temperate"
"vOTU_269","virulent"
"vOTU_272","virulent"
"vOTU_273","temperate"
"vOTU_274","virulent"
"vOTU_275","virulent"
"vOTU_276","virulent"
"vOTU_277","virulent"
"vOTU_279","temperate"
"vOTU_280","temperate"
"vOTU_281","virulent"
"vOTU_282","temperate"
"vOTU_284","virulent"
"vOTU_285","temperate"
"vOTU_288","virulent"
"vOTU_290","virulent"
"vOTU_291","virulent"
"vOTU_292","temperate"
"vOTU_295","temperate"
"vOTU_296","temperate"
"vOTU_297","virulent"
"vOTU_298","virulent"
"vOTU_301","virulent"
"vOTU_303","virulent"
"vOTU_304","temperate"
"vOTU_305","virulent"
"vOTU_306","virulent"
"vOTU_307","virulent"
"vOTU_308","temperate"
"vOTU_310","virulent"
"vOTU_312","temperate"
"vOTU_313","temperate"
"vOTU_314","virulent"
"vOTU_315","temperate"
"vOTU_316","virulent"
"vOTU_317","virulent"
"vOTU_318","virulent"
"vOTU_319","virulent"
"vOTU_320","virulent"
"vOTU_321","virulent"
"vOTU_322","virulent"
"vOTU_323","virulent"
"vOTU_324","temperate"
"vOTU_326","virulent"
"vOTU_327","temperate"
"vOTU_328","temperate"
"vOTU_330","virulent"
"vOTU_331","virulent"
"vOTU_332","virulent"
"vOTU_333","temperate"
"vOTU_334","temperate"
"vOTU_337","temperate"
"vOTU_338","virulent"
"vOTU_339","virulent"
"vOTU_342","temperate"
"vOTU_343","temperate"
"vOTU_344","virulent"
"vOTU_345","virulent"
"vOTU_346","virulent"
"vOTU_347","virulent"
"vOTU_348","virulent"
"vOTU_350","virulent"
"vOTU_351","temperate"
"vOTU_352","temperate"
"vOTU_354","temperate"
"vOTU_355","virulent"
"vOTU_356","temperate"
"vOTU_357","virulent"
"vOTU_362","temperate"
"vOTU_363","virulent"
"vOTU_364","temperate"
"vOTU_368","temperate"
"vOTU_369","temperate"
"vOTU_370","temperate"
"vOTU_371","temperate"
"vOTU_372","temperate"
"vOTU_373","virulent"
"vOTU_375","temperate"
"vOTU_376","temperate"
"vOTU_382","virulent"
"vOTU_385","temperate"
"vOTU_389","temperate"
"vOTU_390","temperate"
"vOTU_391","temperate"
"vOTU_392","virulent"
"vOTU_393","virulent"
"vOTU_394","virulent"
"vOTU_395","temperate"
"vOTU_396","virulent"
"vOTU_400","virulent"
"vOTU_401","virulent"
"vOTU_403","virulent"
"vOTU_406","temperate"
"vOTU_407","temperate"
"vOTU_408","virulent"
"vOTU_409","virulent"
"vOTU_411","temperate"
"vOTU_414","temperate"
"vOTU_416","temperate"
"vOTU_418","temperate"
"vOTU_419","temperate"
"vOTU_421","virulent"
"vOTU_422","temperate"
"vOTU_423","virulent"
"vOTU_425","temperate"
"vOTU_426","temperate"
"vOTU_427","temperate"
"vOTU_428","temperate"
"vOTU_429","temperate"
"vOTU_430","temperate"
"vOTU_431","virulent"
"vOTU_432","temperate"
"vOTU_433","temperate"
"vOTU_434","temperate"
"vOTU_435","virulent"
"vOTU_438","temperate"
"vOTU_439","virulent"
"vOTU_440","virulent"
"vOTU_441","virulent"
"vOTU_444","virulent"
"vOTU_445","temperate"
"vOTU_447","temperate"
"vOTU_448","temperate"
"vOTU_450","temperate"
"vOTU_451","virulent"
"vOTU_452","temperate"
"vOTU_453","virulent"
"vOTU_454","virulent"
"vOTU_456","temperate"
"vOTU_457","temperate"
"vOTU_458","temperate"
"vOTU_459","temperate"
"vOTU_461","temperate"
"vOTU_464","virulent"
"vOTU_465","temperate"
"vOTU_466","temperate"
"vOTU_467","temperate"
"vOTU_468","temperate"
"vOTU_472","temperate"
"vOTU_476","virulent"
"vOTU_477","temperate"
"vOTU_479","temperate"
"vOTU_480","temperate"
"vOTU_481","virulent"
"vOTU_483","temperate"
"vOTU_484","virulent"
"vOTU_486","virulent"
"vOTU_487","temperate"
"vOTU_488","temperate"
"vOTU_489","temperate"
"vOTU_490","virulent"
"vOTU_491","temperate"
"vOTU_493","temperate"
"vOTU_498","virulent"
"vOTU_500","virulent"
"vOTU_501","virulent"
"vOTU_502","virulent"
"vOTU_503","virulent"
"vOTU_504","temperate"
"vOTU_505","temperate"
"vOTU_507","virulent"
"vOTU_509","temperate"
"vOTU_511","temperate"
"vOTU_515","temperate"
"vOTU_516","temperate"
"vOTU_517","virulent"
"vOTU_518","temperate"
"vOTU_519","temperate"
"vOTU_520","temperate"
"vOTU_521","temperate"
"vOTU_523","temperate"
"vOTU_525","temperate"
"vOTU_526","virulent"
"vOTU_527","virulent"
"vOTU_532","virulent"
"vOTU_533","temperate"
"vOTU_535","temperate"
"vOTU_536","temperate"
"vOTU_537","virulent"
"vOTU_538","temperate"
"vOTU_539","temperate"
"vOTU_541","temperate"
"vOTU_542","virulent"
"vOTU_543","virulent"
"vOTU_544","virulent"
"vOTU_546","temperate"
"vOTU_547","temperate"
"vOTU_548","virulent"
"vOTU_549","temperate"
"vOTU_550","temperate"
"vOTU_551","virulent"
"vOTU_552","virulent"
"vOTU_553","temperate"
"vOTU_555","temperate"
"vOTU_556","temperate"
"vOTU_557","virulent"
"vOTU_558","temperate"
"vOTU_559","virulent"
"vOTU_561","temperate"
"vOTU_562","temperate"
"vOTU_568","temperate"
"vOTU_569","virulent"
"vOTU_570","temperate"
"vOTU_571","temperate"
"vOTU_572","virulent"
"vOTU_573","temperate"
"vOTU_574","virulent"
"vOTU_575","virulent"
"vOTU_576","temperate"
"vOTU_578","virulent"
"vOTU_579","virulent"
"vOTU_580","temperate"
"vOTU_582","temperate"
"vOTU_584","temperate"
"vOTU_585","temperate"
"vOTU_588","temperate"
"vOTU_589","virulent"
"vOTU_590","virulent"
"vOTU_592","temperate"
"vOTU_593","temperate"
"vOTU_597","virulent"
"vOTU_598","temperate"
"vOTU_599","temperate"
"vOTU_601","virulent"
"vOTU_602","temperate"
"vOTU_605","virulent"
"vOTU_606","temperate"
"vOTU_607","temperate"
"vOTU_608","temperate"
"vOTU_609","virulent"
"vOTU_611","virulent"
"vOTU_616","temperate"
"vOTU_617","temperate"
"vOTU_621","temperate"
"vOTU_623","virulent"
"vOTU_625","virulent"
"vOTU_627","temperate"
"vOTU_630","temperate"
"vOTU_632","temperate"
"vOTU_633","temperate"
"vOTU_638","virulent"
"vOTU_639","temperate"
"vOTU_642","temperate"
"vOTU_643","temperate"
"vOTU_644","temperate"
"vOTU_647","virulent"
"vOTU_648","temperate"
"vOTU_649","temperate"
"vOTU_651","virulent"
"vOTU_653","temperate"
"vOTU_654","virulent"
"vOTU_657","temperate"
"vOTU_661","virulent"
"vOTU_662","virulent"
"vOTU_663","virulent"
"vOTU_664","temperate"
"vOTU_665","temperate"
"vOTU_666","temperate"
"vOTU_671","virulent"
"vOTU_673","virulent"
"vOTU_674","virulent"
"vOTU_675","temperate"
"vOTU_676","temperate"
"vOTU_677","temperate"
"vOTU_679","virulent"
"vOTU_680","virulent"
"vOTU_681","virulent"
"vOTU_682","temperate"
"vOTU_684","temperate"
"vOTU_687","temperate"
"vOTU_692","temperate"
"vOTU_697","temperate"
"vOTU_702","temperate"
"vOTU_704","temperate"
"vOTU_705","temperate"
"vOTU_707","temperate"
"vOTU_709","temperate"
"vOTU_710","temperate"
"vOTU_713","virulent"
"vOTU_715","virulent"
"vOTU_721","virulent"
"vOTU_722","temperate"
"vOTU_725","virulent"
"vOTU_728","temperate"
"vOTU_729","temperate"
"vOTU_730","virulent"
"vOTU_731","virulent"
"vOTU_734","temperate"
"vOTU_738","temperate"
"vOTU_743","virulent"
"vOTU_745","virulent"
"vOTU_748","virulent"
"vOTU_749","temperate"
"vOTU_750","temperate"
"vOTU_753","virulent"
"vOTU_754","virulent"
"vOTU_757","virulent"
"vOTU_758","temperate"
"vOTU_759","temperate"
"vOTU_760","temperate"
"vOTU_761","temperate"
"vOTU_762","temperate"
"vOTU_763","virulent"
"vOTU_764","temperate"
"vOTU_767","virulent"
"vOTU_770","temperate"
"vOTU_774","virulent"
"vOTU_775","temperate"
"vOTU_776","temperate"
"vOTU_777","temperate"
"vOTU_778","temperate"
"vOTU_779","virulent"
"vOTU_780","temperate"
"vOTU_782","virulent"
"vOTU_783","temperate"
"vOTU_787","virulent"
"vOTU_790","temperate"
"vOTU_793","virulent"
"vOTU_794","temperate"
"vOTU_797","temperate"
"vOTU_798","virulent"
"vOTU_800","virulent"
"vOTU_801","temperate"
"vOTU_807","temperate"
"vOTU_808","virulent"
"vOTU_809","temperate"
"vOTU_814","temperate"
"vOTU_815","temperate"
"vOTU_817","temperate"
"vOTU_818","virulent"
"vOTU_819","virulent"
"vOTU_820","temperate"
"vOTU_824","temperate"
"vOTU_825","virulent"
"vOTU_827","virulent"
"vOTU_828","virulent"
"vOTU_829","temperate"
"vOTU_831","virulent"
"vOTU_832","virulent"
"vOTU_833","virulent"
"vOTU_835","temperate"
"vOTU_836","temperate"
"vOTU_837","temperate"
"vOTU_838","temperate"
"vOTU_840","virulent"
"vOTU_841","virulent"
"vOTU_845","temperate"
"vOTU_846","virulent"
"vOTU_847","temperate"
"vOTU_848","virulent"
"vOTU_850","virulent"
"vOTU_851","virulent"
"vOTU_852","virulent"
"vOTU_854","temperate"
"vOTU_855","virulent"
"vOTU_856","temperate"
"vOTU_859","virulent"
"vOTU_861","temperate"
"vOTU_862","temperate"
"vOTU_863","temperate"
"vOTU_869","temperate"
"vOTU_870","virulent"
"vOTU_872","virulent"
"vOTU_879","temperate"
"vOTU_880","temperate"
"vOTU_882","virulent"
"vOTU_885","temperate"
"vOTU_889","virulent"
"vOTU_890","temperate"
"vOTU_891","virulent"
"vOTU_892","virulent"
"vOTU_898","virulent"
"vOTU_905","temperate"
"vOTU_907","temperate"
"vOTU_909","temperate"
"vOTU_911","temperate"
"vOTU_915","temperate"
"vOTU_917","virulent"
"vOTU_922","virulent"
"vOTU_925","temperate"
"vOTU_927","temperate"
"vOTU_930","virulent"
"vOTU_931","virulent"
"vOTU_932","temperate"
"vOTU_935","temperate"
"vOTU_936","temperate"
"vOTU_937","temperate"
"vOTU_938","temperate"
"vOTU_939","temperate"
"vOTU_940","virulent"
"vOTU_941","temperate"
"vOTU_944","virulent"
"vOTU_946","virulent"
"vOTU_947","virulent"
"vOTU_949","temperate"
"vOTU_950","virulent"
"vOTU_953","temperate"
"vOTU_958","temperate"
"vOTU_959","temperate"
"vOTU_960","temperate"
"vOTU_961","virulent"
"vOTU_963","temperate"
"vOTU_970","temperate"
"vOTU_971","virulent"
"vOTU_978","temperate"
"vOTU_982","temperate"
"vOTU_983","virulent"
"vOTU_990","temperate"
"vOTU_991","temperate"
"vOTU_993","temperate"
"vOTU_999","virulent"
"vOTU_1003","temperate"
"vOTU_1004","virulent"
"vOTU_1006","temperate"
"vOTU_1009","temperate"
"vOTU_1012","temperate"
"vOTU_1015","temperate"
"vOTU_1016","virulent"
"vOTU_1017","temperate"
"vOTU_1019","temperate"
"vOTU_1020","virulent"
"vOTU_1022","temperate"
"vOTU_1029","temperate"
"vOTU_1035","temperate"
"vOTU_1036","temperate"
"vOTU_1037","temperate"
"vOTU_1039","virulent"
"vOTU_1045","virulent"
"vOTU_1046","temperate"
"vOTU_1047","virulent"
"vOTU_1055","virulent"
"vOTU_1058","temperate"
"vOTU_1060","temperate"
"vOTU_1062","virulent"
"vOTU_1064","temperate"
"vOTU_1066","virulent"
"vOTU_1069","temperate"
"vOTU_1071","temperate"
"vOTU_1072","temperate"
"vOTU_1073","virulent"
"vOTU_1076","temperate"
"vOTU_1077","temperate"
"vOTU_1082","temperate"
"vOTU_1086","virulent"
"vOTU_1087","virulent"
"vOTU_1089","temperate"
"vOTU_1100","temperate"
"vOTU_1101","temperate"
"vOTU_1102","temperate"
"vOTU_1106","temperate"
"vOTU_1111","virulent"
"vOTU_1112","temperate"
"vOTU_1113","virulent"
"vOTU_1115","temperate"
"vOTU_1117","virulent"
"vOTU_1119","virulent"
"vOTU_1120","virulent"
"vOTU_1122","temperate"
"vOTU_1127","temperate"
"vOTU_1131","virulent"
"vOTU_1133","virulent"
"vOTU_1134","temperate"
"vOTU_1135","temperate"
"vOTU_1136","temperate"
"vOTU_1139","virulent"
"vOTU_1141","temperate"
"vOTU_1145","virulent"
"vOTU_1154","virulent"
"vOTU_1155","virulent"
"vOTU_1170","temperate"
"vOTU_1171","temperate"
"vOTU_1172","virulent"
"vOTU_1180","temperate"
"vOTU_1186","temperate"
"vOTU_1192","temperate"
"vOTU_1195","temperate"
"vOTU_1196","virulent"
"vOTU_1198","temperate"
"vOTU_1200","temperate"
"vOTU_1201","virulent"
"vOTU_1203","virulent"
"vOTU_1208","virulent"
"vOTU_1219","virulent"
"vOTU_1223","temperate"
"vOTU_1226","temperate"
"vOTU_1238","temperate"
"vOTU_1241","virulent"
"vOTU_1249","temperate"
"vOTU_1254","temperate"
"vOTU_1258","temperate"
"vOTU_1259","temperate"
"vOTU_1262","virulent"
"vOTU_1263","temperate"
"vOTU_1269","temperate"
"vOTU_1273","temperate"
"vOTU_1277","temperate"
"vOTU_1280","temperate"
"vOTU_1281","virulent"
"vOTU_1285","virulent"
"vOTU_1290","temperate"
"vOTU_1292","temperate"
"vOTU_1297","temperate"
"vOTU_1300","virulent"
"vOTU_1308","temperate"
"vOTU_1309","temperate"
"vOTU_1312","virulent"
"vOTU_1313","temperate"
"vOTU_1314","temperate"
"vOTU_1320","virulent"
"vOTU_1325","temperate"
"vOTU_1326","virulent"
"vOTU_1327","temperate"
"vOTU_1338","virulent"
"vOTU_1339","temperate"
"vOTU_1352","temperate"
"vOTU_1353","temperate"
"vOTU_1355","temperate"
"vOTU_1372","temperate"
"vOTU_1375","temperate"
"vOTU_1377","temperate"
"vOTU_1378","temperate"
"vOTU_1380","virulent"
"vOTU_1388","temperate"
"vOTU_1389","virulent"
"vOTU_1392","virulent"
"vOTU_1394","temperate"
"vOTU_1395","temperate"
"vOTU_1396","virulent"
"vOTU_1399","virulent"
"vOTU_1400","virulent"
"vOTU_1402","temperate"
"vOTU_1406","virulent"
"vOTU_1411","temperate"
"vOTU_1414","temperate"
"vOTU_1416","virulent"
"vOTU_1420","virulent"
"vOTU_1421","virulent"
"vOTU_1422","temperate"
"vOTU_1423","temperate"
"vOTU_1425","temperate"
"vOTU_1427","virulent"
"vOTU_1430","virulent"
"vOTU_1431","temperate"
"vOTU_1434","temperate"
"vOTU_1436","temperate"
"vOTU_1442","temperate"
"vOTU_1448","temperate"
"vOTU_1449","temperate"
"vOTU_1450","temperate"
"vOTU_1451","temperate"
"vOTU_1453","temperate"
"vOTU_1455","temperate"
"vOTU_1460","virulent"
"vOTU_1463","virulent"
"vOTU_1464","temperate"
"vOTU_1467","virulent"
"vOTU_1470","virulent"
"vOTU_1476","temperate"
"vOTU_1477","virulent"
"vOTU_1480","temperate"
"vOTU_1482","temperate"
"vOTU_1483","temperate"
"vOTU_1488","virulent"
"vOTU_1494","temperate"
"vOTU_1496","virulent"
"vOTU_1497","temperate"
"vOTU_1498","temperate"
"vOTU_1501","virulent"
"vOTU_1515","temperate"
"vOTU_1518","virulent"
"vOTU_1519","temperate"
"vOTU_1523","temperate"
"vOTU_1529","temperate"
"vOTU_1532","virulent"
"vOTU_1538","virulent"
"vOTU_1548","virulent"
"vOTU_1561","virulent"
"vOTU_1562","virulent"
"vOTU_1563","virulent"
"vOTU_1565","virulent"
"vOTU_1567","temperate"
"vOTU_1579","virulent"
"vOTU_1580","virulent"
"vOTU_1583","temperate"
"vOTU_1594","temperate"
"vOTU_1595","virulent"
"vOTU_1599","virulent"
"vOTU_1602","virulent"
"vOTU_1603","temperate"
"vOTU_1605","virulent"
"vOTU_1607","virulent"
"vOTU_1614","virulent"
"vOTU_1620","virulent"
"vOTU_1632","virulent"
"vOTU_1633","temperate"
"vOTU_1636","temperate"
"vOTU_1638","temperate"
"vOTU_1639","virulent"
"vOTU_1640","virulent"
"vOTU_1642","virulent"
"vOTU_1649","temperate"
"vOTU_1655","virulent"
"vOTU_1657","temperate"
"vOTU_1662","temperate"
"vOTU_1669","temperate"
"vOTU_1670","temperate"
"vOTU_1671","virulent"
"vOTU_1679","virulent"
"vOTU_1682","temperate"
"vOTU_1683","temperate"
"vOTU_1687","virulent"
"vOTU_1695","temperate"
"vOTU_1704","temperate"
"vOTU_1708","temperate"
"vOTU_1710","temperate"
"vOTU_1712","temperate"
"vOTU_1719","temperate"
"vOTU_1725","virulent"
"vOTU_1731","virulent"
"vOTU_1732","virulent"
"vOTU_1734","virulent"
"vOTU_1735","virulent"
"vOTU_1741","temperate"
"vOTU_1745","temperate"
"vOTU_1747","virulent"
"vOTU_1760","temperate"
"vOTU_1762","temperate"
"vOTU_1782","temperate"
"vOTU_1784","virulent"
"vOTU_1786","virulent"
"vOTU_1788","virulent"
"vOTU_1796","virulent"
"vOTU_1798","temperate"
"vOTU_1802","temperate"
"vOTU_1803","temperate"
"vOTU_1820","temperate"
"vOTU_1821","virulent"
"vOTU_1825","temperate"
"vOTU_1827","temperate"
"vOTU_1828","virulent"
"vOTU_1847","temperate"
"vOTU_1848","temperate"
"vOTU_1853","virulent"
"vOTU_1854","virulent"
"vOTU_1864","virulent"
"vOTU_1873","temperate"
"vOTU_1874","temperate"
"vOTU_1876","temperate"
"vOTU_1880","temperate"
"vOTU_1884","virulent"
"vOTU_1885","virulent"
"vOTU_1886","virulent"
"vOTU_1895","temperate"
"vOTU_1896","temperate"
"vOTU_1899","temperate"
"vOTU_1901","temperate"
"vOTU_1903","virulent"
"vOTU_1904","virulent"
"vOTU_1910","temperate"
"vOTU_1921","virulent"
"vOTU_1925","temperate"
"vOTU_1935","temperate"
"vOTU_1946","virulent"
"vOTU_1947","virulent"
"vOTU_1948","temperate"
"vOTU_1949","virulent"
"vOTU_1956","temperate"
"vOTU_1957","virulent"
"vOTU_1958","virulent"
"vOTU_1981","temperate"
"vOTU_1985","temperate"
"vOTU_1986","virulent"
"vOTU_1988","virulent"
"vOTU_1989","temperate"
"vOTU_1990","virulent"
"vOTU_2000","virulent"
"vOTU_2007","virulent"
"vOTU_2008","virulent"
"vOTU_2011","temperate"
"vOTU_2012","temperate"
"vOTU_2015","temperate"
"vOTU_2029","temperate"
"vOTU_2034","virulent"
"vOTU_2040","virulent"
"vOTU_2056","temperate"
"vOTU_2058","temperate"
"vOTU_2059","virulent"
"vOTU_2060","temperate"
"vOTU_2063","temperate"
"vOTU_2065","temperate"
"vOTU_2072","temperate"
"vOTU_2078","virulent"
"vOTU_2079","temperate"
"vOTU_2080","virulent"
"vOTU_2086","temperate"
"vOTU_2089","virulent"
"vOTU_2092","temperate"
"vOTU_2100","virulent"
"vOTU_2101","virulent"
"vOTU_2105","temperate"
"vOTU_2115","virulent"
"vOTU_2131","temperate"
"vOTU_2134","temperate"
"vOTU_2141","virulent"
"vOTU_2142","temperate"
"vOTU_2143","virulent"
"vOTU_2153","temperate"
"vOTU_2159","temperate"
"vOTU_2161","temperate"
"vOTU_2163","virulent"
"vOTU_2170","virulent"
"vOTU_2182","virulent"
"vOTU_2183","virulent"
"vOTU_2186","virulent"
"vOTU_2191","virulent"
"vOTU_2199","virulent"
"vOTU_2211","temperate"
"vOTU_2212","temperate"
"vOTU_2216","temperate"
"vOTU_2219","temperate"
"vOTU_2222","temperate"
"vOTU_2230","virulent"
"vOTU_2242","virulent"
"vOTU_2247","temperate"
"vOTU_2248","virulent"
"vOTU_2250","temperate"
"vOTU_2254","virulent"
"vOTU_2256","virulent"
"vOTU_2268","virulent"
"vOTU_2274","temperate"
"vOTU_2280","temperate"
"vOTU_2284","temperate"
"vOTU_2291","virulent"
"vOTU_2295","temperate"
"vOTU_2298","temperate"
"vOTU_2299","virulent"
"vOTU_2311","virulent"
"vOTU_2318","temperate"
"vOTU_2320","temperate"
"vOTU_2322","temperate"
"vOTU_2325","virulent"
"vOTU_2328","temperate"
"vOTU_2336","virulent"
"vOTU_2340","virulent"
"vOTU_2344","temperate"
"vOTU_2345","temperate"
"vOTU_2350","virulent"
"vOTU_2352","virulent"
"vOTU_2356","temperate"
"vOTU_2368","temperate"
"vOTU_2372","virulent"
"vOTU_2375","virulent"
"vOTU_2379","virulent"
"vOTU_2387","temperate"
"vOTU_2388","temperate"
"vOTU_2389","temperate"
"vOTU_2391","virulent"
"vOTU_2392","temperate"
"vOTU_2396","virulent"
"vOTU_2397","temperate"
"vOTU_2400","temperate"
"vOTU_2404","temperate"
"vOTU_2405","temperate"
"vOTU_2407","temperate"
"vOTU_2409","temperate"
"vOTU_2424","temperate"
"vOTU_2426","temperate"
"vOTU_2429","virulent"
"vOTU_2430","temperate"
"vOTU_2443","virulent"
"vOTU_2457","temperate"
"vOTU_2458","temperate"
"vOTU_2466","virulent"
"vOTU_2467","virulent"
"vOTU_2469","virulent"
"vOTU_2472","temperate"
"vOTU_2473","temperate"
"vOTU_2481","temperate"
"vOTU_2501","temperate"
"vOTU_2508","temperate"
"vOTU_2522","virulent"
"vOTU_2524","virulent"
"vOTU_2526","virulent"
"vOTU_2528","virulent"
"vOTU_2533","virulent"
"vOTU_2535","virulent"
"vOTU_2537","temperate"
"vOTU_2548","virulent"
"vOTU_2558","virulent"
"vOTU_2559","temperate"
"vOTU_2560","temperate"
"vOTU_2561","virulent"
"vOTU_2562","temperate"
"vOTU_2595","virulent"
"vOTU_2604","temperate"
"vOTU_2613","virulent"
"vOTU_2614","virulent"
"vOTU_2625","temperate"
"vOTU_2630","virulent"
"vOTU_2633","temperate"
"vOTU_2634","virulent"
"vOTU_2639","virulent"
"vOTU_2648","temperate"
"vOTU_2658","temperate"
"vOTU_2666","temperate"
"vOTU_2671","virulent"
"vOTU_2707","virulent"
"vOTU_2708","virulent"
"vOTU_2724","temperate"
"vOTU_2729","virulent"
"vOTU_2750","temperate"
"vOTU_2761","temperate"
"vOTU_2762","temperate"
"vOTU_2764","temperate"
"vOTU_2781","virulent"
"vOTU_2784","temperate"
"vOTU_2788","temperate"
"vOTU_2795","virulent"
"vOTU_2802","temperate"
"vOTU_2814","temperate"
"vOTU_2816","temperate"
"vOTU_2823","temperate"
"vOTU_2826","temperate"
"vOTU_2827","temperate"
"vOTU_2830","temperate"
"vOTU_2832","temperate"
"vOTU_2837","temperate"
"vOTU_2850","virulent"
"vOTU_2868","virulent"
"vOTU_2877","temperate"
"vOTU_2883","virulent"
"vOTU_2889","temperate"
"vOTU_2893","temperate"
"vOTU_2917","temperate"
"vOTU_2919","temperate"
"vOTU_2941","temperate"
"vOTU_2957","temperate"
"vOTU_2965","virulent"
"vOTU_2967","virulent"
"vOTU_2976","virulent"
"vOTU_2982","temperate"
"vOTU_2985","virulent"
"vOTU_2986","temperate"
"vOTU_2989","temperate"
"vOTU_2991","temperate"
"vOTU_2996","temperate"
"vOTU_3015","temperate"
"vOTU_3017","virulent"
"vOTU_3044","virulent"
"vOTU_3055","temperate"
"vOTU_3059","virulent"
"vOTU_3064","temperate"
"vOTU_3071","temperate"
"vOTU_3087","temperate"
"vOTU_3094","temperate"
"vOTU_3100","virulent"
"vOTU_3101","virulent"
"vOTU_3103","virulent"
"vOTU_3110","virulent"
"vOTU_3137","virulent"
"vOTU_3150","temperate"
"vOTU_3159","virulent"
"vOTU_3166","temperate"
"vOTU_3172","virulent"
"vOTU_3182","temperate"
"vOTU_3191","temperate"
"vOTU_3209","temperate"
"vOTU_3241","temperate"
"vOTU_3583","virulent"
"vOTU_3935","virulent"
"vOTU_4803","virulent"
"vOTU_4969","virulent"
"vOTU_5003","virulent"
"vOTU_5060","virulent"
"vOTU_5073","virulent"
"vOTU_5101","virulent"
"vOTU_5151","virulent"
"vOTU_5211","virulent"
"vOTU_5217","virulent"
"vOTU_5281","virulent"
"vOTU_5289","virulent"
"vOTU_5303","virulent"
"vOTU_5309","virulent"
"vOTU_5350","virulent"
"vOTU_5441","virulent"
"vOTU_5539","virulent"
"vOTU_5560","virulent"
"vOTU_5607","virulent"
"vOTU_5627","virulent"
"vOTU_5635","virulent"
"vOTU_5664","virulent"
"vOTU_5696","virulent"
"vOTU_5733","virulent"
"vOTU_5742","virulent"
"vOTU_5745","virulent"
"vOTU_5763","virulent"
"vOTU_5839","virulent"
"vOTU_5854","virulent"
"vOTU_5875","virulent"
"vOTU_5904","virulent"
"vOTU_5907","virulent"
"vOTU_5980","virulent"
"vOTU_6006","virulent"
"vOTU_6010","virulent"
"vOTU_6015","virulent"
"vOTU_6041","virulent"
"vOTU_6045","virulent"
"vOTU_6053","virulent"
"vOTU_6055","virulent"
"vOTU_6060","virulent"
"vOTU_6062","virulent"
"vOTU_6064","virulent"
"vOTU_6097","virulent"
"vOTU_6105","virulent"
"vOTU_6108","virulent"
"vOTU_6114","virulent"
"vOTU_6115","virulent"
"vOTU_6117","virulent"
"vOTU_6119","virulent"
"vOTU_6127","virulent"
"vOTU_6130","virulent"
"vOTU_6131","virulent"
"vOTU_6132","virulent"
"vOTU_6139","virulent"
"vOTU_6145","virulent"
"vOTU_6147","virulent"
"vOTU_6161","virulent"
"vOTU_6171","virulent"
"vOTU_6194","virulent"
"vOTU_6195","virulent"
"vOTU_6199","virulent"
"vOTU_6212","virulent"
"vOTU_6213","virulent"
"vOTU_6215","virulent"
"vOTU_6229","virulent"
"vOTU_6234","virulent"
"vOTU_6248","virulent"
"vOTU_6263","virulent"
"vOTU_6264","virulent"
"vOTU_6265","virulent"
"vOTU_6266","virulent"
"vOTU_6267","virulent"
"vOTU_6269","virulent"
"vOTU_6273","virulent"
"vOTU_6289","virulent"
"vOTU_6291","virulent"
"vOTU_6301","virulent"
"vOTU_6306","virulent"
"vOTU_6328","virulent"
"vOTU_6334","virulent"
"vOTU_6336","virulent"
"vOTU_6346","virulent"
"vOTU_6348","virulent"
"vOTU_6351","virulent"
"vOTU_6355","virulent"
"vOTU_6367","virulent"
"vOTU_6370","virulent"
"vOTU_6382","virulent"
"vOTU_6385","virulent"
"vOTU_6405","virulent"
"vOTU_6406","virulent"
"vOTU_6409","virulent"
"vOTU_6412","virulent"
"vOTU_6455","virulent"
"vOTU_6456","virulent"
"vOTU_6470","virulent"
"vOTU_6480","virulent"
"vOTU_6491","virulent"
"vOTU_6492","virulent"
"vOTU_6500","virulent"
"vOTU_6570","virulent"
"vOTU_6574","virulent"
"vOTU_6591","virulent"
"vOTU_6621","virulent"
"vOTU_6636","virulent"
"vOTU_6639","virulent"
"vOTU_6648","virulent"
"vOTU_6660","virulent"
"vOTU_6681","virulent"
"vOTU_6752","virulent"
"vOTU_6801","virulent"
"vOTU_6854","virulent"
"vOTU_6885","temperate"
"vOTU_6888","virulent"
"vOTU_6895","virulent"
"vOTU_6897","virulent"
"vOTU_6907","virulent"
"vOTU_6924","virulent"
"vOTU_6930","virulent"
"vOTU_6973","virulent"
"vOTU_6990","virulent"
"vOTU_7006","virulent"
"vOTU_7013","virulent"
"vOTU_7019","virulent"
"vOTU_7025","virulent"
"vOTU_7061","virulent"
"vOTU_7063","virulent"
"vOTU_7065","virulent"
"vOTU_7069","virulent"
"vOTU_7082","virulent"
"vOTU_7089","virulent"
"vOTU_7106","virulent"
"vOTU_7114","virulent"
"vOTU_7115","virulent"
"vOTU_7116","virulent"
"vOTU_7139","virulent"
"vOTU_7189","virulent"
"vOTU_7199","virulent"
"vOTU_7220","virulent"
"vOTU_7229","virulent"
"vOTU_7262","virulent"
"vOTU_7272","virulent"
"vOTU_7301","virulent"
"vOTU_7306","virulent"
"vOTU_7328","virulent"
"vOTU_7331","virulent"
"vOTU_7343","virulent"
"vOTU_7346","virulent"
"vOTU_7363","virulent"
"vOTU_7368","virulent"
"vOTU_7385","virulent"
"vOTU_7445","virulent"
"vOTU_7456","virulent"
"vOTU_7477","virulent"
"vOTU_7507","virulent"
"vOTU_7579","virulent"
"vOTU_7590","virulent"
"vOTU_7600","virulent"
"vOTU_7618","virulent"
"vOTU_7629","virulent"
"vOTU_7642","virulent"
"vOTU_7653","virulent"
"vOTU_7655","virulent"
"vOTU_7671","virulent"
"vOTU_7676","virulent"
"vOTU_7681","virulent"
"vOTU_7699","virulent"
"vOTU_7712","virulent"
"vOTU_7714","virulent"
"vOTU_7719","virulent"
"vOTU_7728","virulent"
"vOTU_7750","virulent"
"vOTU_7765","virulent"
"vOTU_7766","virulent"
"vOTU_7773","virulent"
"vOTU_7785","virulent"
"vOTU_7786","virulent"
"vOTU_7789","virulent"
"vOTU_7799","virulent"
"vOTU_7802","virulent"
"vOTU_7808","virulent"
"vOTU_7823","virulent"
"vOTU_7832","virulent"
"vOTU_7834","virulent"
"vOTU_7849","virulent"
"vOTU_7866","virulent"
"vOTU_7892","virulent"
"vOTU_7895","virulent"
"vOTU_7911","virulent"
"vOTU_7947","virulent"
"vOTU_7953","virulent"
"vOTU_7969","virulent"
"vOTU_7984","virulent"
"vOTU_7988","virulent"
"vOTU_7995","virulent"
"vOTU_7997","virulent"
"vOTU_7998","virulent"
"vOTU_8005","virulent"
"vOTU_8015","virulent"
"vOTU_8023","virulent"
"vOTU_8054","virulent"
"vOTU_8075","virulent"
"vOTU_8080","virulent"
"vOTU_8083","virulent"
"vOTU_8097","virulent"
"vOTU_8109","virulent"
"vOTU_8131","virulent"
"vOTU_8136","virulent"
"vOTU_8137","virulent"
"vOTU_8138","virulent"
"vOTU_8154","virulent"
"vOTU_8156","virulent"
"vOTU_8157","virulent"
"vOTU_8158","virulent"
"vOTU_8159","virulent"
"vOTU_8181","virulent"
"vOTU_8193","virulent"
"vOTU_8200","virulent"
"vOTU_8201","virulent"
"vOTU_8209","virulent"
"vOTU_8215","virulent"
"vOTU_8225","virulent"
"vOTU_8240","virulent"
"vOTU_8241","virulent"
"vOTU_8243","virulent"
"vOTU_8248","virulent"
"vOTU_8249","virulent"
"vOTU_8256","virulent"
"vOTU_8262","virulent"
"vOTU_8276","virulent"
"vOTU_8290","virulent"
"vOTU_8308","virulent"
"vOTU_8317","virulent"
"vOTU_8320","virulent"
"vOTU_8322","virulent"
"vOTU_8323","virulent"
"vOTU_8332","virulent"
"vOTU_8338","virulent"
"vOTU_8339","virulent"
"vOTU_8358","virulent"
"vOTU_8360","virulent"
"vOTU_8369","virulent"
"vOTU_8374","virulent"
"vOTU_8381","virulent"
"vOTU_8384","virulent"
"vOTU_8390","virulent"
"vOTU_8416","virulent"
"vOTU_8418","virulent"
"vOTU_8419","temperate"
"vOTU_8437","virulent"
"vOTU_8439","virulent"
"vOTU_8454","virulent"
"vOTU_8471","virulent"
"vOTU_8479","virulent"
"vOTU_8482","virulent"
"vOTU_8512","virulent"
"vOTU_8518","virulent"
"vOTU_8523","virulent"
"vOTU_8528","virulent"
"vOTU_8531","virulent"
"vOTU_8533","virulent"
"vOTU_8550","virulent"
"vOTU_8551","virulent"
"vOTU_8553","virulent"
"vOTU_8555","virulent"
"vOTU_8558","virulent"
"vOTU_8561","virulent"
"vOTU_8562","virulent"
"vOTU_8583","virulent"
"vOTU_8584","virulent"
"vOTU_8585","virulent"
"vOTU_8596","virulent"
"vOTU_8602","virulent"
"vOTU_8604","virulent"
"vOTU_8607","virulent"
"vOTU_8609","virulent"
"vOTU_8610","virulent"
"vOTU_8619","virulent"
"vOTU_8629","virulent"
"vOTU_8636","virulent"
"vOTU_8639","virulent"
"vOTU_8640","virulent"
"vOTU_8643","virulent"
"vOTU_8648","virulent"
"vOTU_8654","virulent"
"vOTU_8665","virulent"
"vOTU_8667","virulent"
"vOTU_8687","virulent"
"vOTU_8698","virulent"
"vOTU_8713","virulent"
"vOTU_8719","virulent"
"vOTU_8720","virulent"
"vOTU_8747","virulent"
"vOTU_8748","virulent"
"vOTU_8766","virulent"
"vOTU_8770","virulent"
"vOTU_8771","virulent"
"vOTU_8780","virulent"
"vOTU_8793","virulent"
"vOTU_8799","virulent"
"vOTU_8807","virulent"
"vOTU_8813","virulent"
"vOTU_8823","virulent"
"vOTU_8830","virulent"
"vOTU_8832","virulent"
"vOTU_8833","virulent"
"vOTU_8835","virulent"
"vOTU_8836","virulent"
"vOTU_8840","virulent"
"vOTU_8851","virulent"
"vOTU_8870","virulent"
"vOTU_8877","virulent"
"vOTU_8878","virulent"
"vOTU_8883","virulent"
"vOTU_8887","virulent"
"vOTU_8906","virulent"
"vOTU_8912","virulent"
"vOTU_8915","virulent"
"vOTU_8945","virulent"
"vOTU_8956","virulent"
"vOTU_8958","virulent"
"vOTU_8963","virulent"
"vOTU_8967","virulent"
"vOTU_9005","virulent"
"vOTU_9041","virulent"
"vOTU_9044","virulent"
"vOTU_9052","virulent"
"vOTU_9057","virulent"
"vOTU_9068","virulent"
"vOTU_9080","virulent"
"vOTU_9083","virulent"
"vOTU_9094","virulent"
"vOTU_9112","virulent"
"vOTU_9123","virulent"
"vOTU_9134","virulent"
"vOTU_9136","virulent"
"vOTU_9137","virulent"
"vOTU_9141","virulent"
"vOTU_9169","virulent"
"vOTU_9171","virulent"
"vOTU_9183","virulent"
"vOTU_9186","virulent"
"vOTU_9190","virulent"
"vOTU_9203","virulent"
"vOTU_9209","virulent"
"vOTU_9214","virulent"
"vOTU_9217","virulent"
"vOTU_9219","virulent"
"vOTU_9222","virulent"
"vOTU_9255","virulent"
"vOTU_9257","virulent"
"vOTU_9258","virulent"
"vOTU_9276","virulent"
"vOTU_9285","virulent"
"vOTU_9296","virulent"
"vOTU_9300","virulent"
"vOTU_9303","virulent"
"vOTU_9325","virulent"
"vOTU_9328","virulent"
"vOTU_9330","virulent"
"vOTU_9331","virulent"
"vOTU_9346","virulent"
"vOTU_9347","virulent"
"vOTU_9349","virulent"
"vOTU_9367","virulent"
"vOTU_9397","virulent"
"vOTU_9398","virulent"
"vOTU_9415","virulent"
"vOTU_9418","virulent"
"vOTU_9420","virulent"
"vOTU_9425","virulent"
"vOTU_9440","virulent"
"vOTU_9441","virulent"
"vOTU_9451","virulent"
"vOTU_9456","virulent"
"vOTU_9461","virulent"
"vOTU_9466","virulent"
"vOTU_9468","virulent"
"vOTU_9476","virulent"
"vOTU_9488","virulent"
"vOTU_9494","virulent"
"vOTU_9503","virulent"
"vOTU_9511","virulent"
"vOTU_9517","virulent"
"vOTU_9529","virulent"
"vOTU_9535","virulent"
"vOTU_9556","virulent"
"vOTU_9570","virulent"
"vOTU_9583","virulent"
"vOTU_9590","virulent"
"vOTU_9595","virulent"
"vOTU_9604","virulent"
"vOTU_9608","virulent"
"vOTU_9611","virulent"
"vOTU_9631","virulent"
"vOTU_9634","virulent"
"vOTU_9644","virulent"
"vOTU_9648","virulent"
"vOTU_9649","virulent"
"vOTU_9651","virulent"
"vOTU_9652","virulent"
"vOTU_9658","virulent"
"vOTU_9666","virulent"
"vOTU_9671","virulent"
"vOTU_9674","virulent"
"vOTU_9692","virulent"
"vOTU_9716","virulent"
"vOTU_9724","virulent"
"vOTU_9744","virulent"
"vOTU_9759","virulent"
"vOTU_9781","virulent"
"vOTU_9789","virulent"
"vOTU_9799","virulent"
"vOTU_9826","virulent"
"vOTU_9829","virulent"
"vOTU_9838","virulent"
"vOTU_9844","virulent"
"vOTU_9889","virulent"
"vOTU_9895","virulent"
"vOTU_9898","virulent"
"vOTU_9902","virulent"
"vOTU_9903","virulent"
"vOTU_9917","virulent"
"vOTU_9922","virulent"
"vOTU_9941","virulent"
"vOTU_9960","virulent"
"vOTU_9971","virulent"
"vOTU_9994","virulent"
"vOTU_9997","virulent"
"vOTU_10011","virulent"
"vOTU_10012","virulent"
"vOTU_10023","virulent"
"vOTU_10025","virulent"
"vOTU_10040","virulent"
"vOTU_10050","virulent"
"vOTU_10102","virulent"
"vOTU_10132","virulent"
"vOTU_10178","virulent"
"vOTU_10207","virulent"
"vOTU_10217","virulent"
"vOTU_10261","virulent"
"vOTU_10304","virulent"
"vOTU_10340","virulent"
"vOTU_10369","virulent"
"vOTU_10407","virulent"
"vOTU_10416","virulent"
"vOTU_10445","virulent"
"vOTU_10502","virulent"
"vOTU_10511","virulent"
"vOTU_10544","virulent"
"vOTU_10549","virulent"
"vOTU_10573","virulent"
"vOTU_10680","virulent"
"vOTU_10723","virulent"
"vOTU_10748","virulent"
"vOTU_10766","virulent"
"vOTU_10795","virulent"
"vOTU_10804","virulent"
"vOTU_10812","virulent"
"vOTU_10854","virulent"
"vOTU_10865","virulent"
"vOTU_10939","virulent"
"vOTU_10946","virulent"
"vOTU_11010","virulent"
"vOTU_11014","virulent"
"vOTU_11045","virulent"
"vOTU_11074","virulent"
"vOTU_11190","virulent"
"vOTU_11195","virulent"
"vOTU_11242","virulent"
"vOTU_11246","virulent"
"vOTU_11327","virulent"
"vOTU_11381","virulent"
"vOTU_11430","virulent"
"vOTU_11458","virulent"
"vOTU_11530","virulent"
"vOTU_11551","virulent"
"vOTU_11760","virulent"
"vOTU_11961","virulent"
"vOTU_12085","virulent"
"vOTU_12095","virulent"
"vOTU_12116","virulent"
"vOTU_12231","virulent"
"vOTU_12252","virulent"
"vOTU_12257","virulent"
"vOTU_12279","virulent"
"vOTU_12294","virulent"
"vOTU_12295","virulent"
"vOTU_12320","virulent"
"vOTU_12322","virulent"
"vOTU_12330","virulent"
"vOTU_12418","virulent"
"vOTU_12492","virulent"
"vOTU_12503","virulent"
"vOTU_12843","virulent"
"vOTU_12881","virulent"
"vOTU_12911","virulent"
"vOTU_12956","virulent"
"vOTU_12968","virulent"
"vOTU_12973","virulent"
"vOTU_13002","virulent"
"vOTU_13066","virulent"
"vOTU_13091","virulent"
"vOTU_13320","virulent"
"vOTU_13374","virulent"
"vOTU_13466","virulent"
"vOTU_13522","virulent"
"vOTU_13702","virulent"
"vOTU_13760","virulent"
"vOTU_13808","virulent"
"vOTU_13878","virulent"
"vOTU_13902","temperate"
"vOTU_14164","virulent"
"vOTU_14200","virulent"
"vOTU_14267","virulent"
"vOTU_14332","virulent"
"vOTU_14576","virulent"
"vOTU_14805","virulent"
"vOTU_14898","virulent"
"vOTU_15348","virulent"
"vOTU_16073","virulent"
"vOTU_16155","virulent"
"vOTU_16159","virulent"
"vOTU_16315","virulent"
"vOTU_16369","virulent"
"vOTU_16444","virulent"
"vOTU_16478","virulent"
"vOTU_16757","virulent"
"vOTU_16795","virulent"
"vOTU_16884","virulent"
"vOTU_17045","virulent"
"vOTU_17114","virulent"
"vOTU_17424","virulent"
"vOTU_17678","virulent"
"vOTU_17785","virulent"
"vOTU_17993","virulent"
"vOTU_18602","virulent"
"vOTU_19217","virulent"
"vOTU_19661","virulent"
"vOTU_19812","virulent"
"vOTU_19955","virulent"
"vOTU_19990","virulent"
"vOTU_20507","virulent"
"vOTU_20737","virulent"
"vOTU_20799","virulent"
"vOTU_21067","virulent"
"vOTU_21690","virulent"
"vOTU_21914","virulent"
"vOTU_22282","virulent"
"vOTU_22289","virulent"
"vOTU_22535","virulent"
"vOTU_22543","virulent"
"vOTU_22635","virulent"
"vOTU_23305","virulent"
"vOTU_24182","virulent"
"vOTU_24399","virulent"
"vOTU_2039","unpredicted"
"vOTU_3464","unpredicted"
"vOTU_3839","unpredicted"
"vOTU_3965","unpredicted"
"vOTU_4016","unpredicted"
"vOTU_4141","unpredicted"
"vOTU_4203","unpredicted"
"vOTU_4243","unpredicted"
"vOTU_5181","unpredicted"
"vOTU_5562","unpredicted"
"vOTU_5692","unpredicted"
"vOTU_5717","unpredicted"
"vOTU_5736","unpredicted"
"vOTU_5818","unpredicted"
"vOTU_5985","unpredicted"
"vOTU_6082","unpredicted"
"vOTU_6167","unpredicted"
"vOTU_6296","unpredicted"
"vOTU_6300","unpredicted"
"vOTU_6310","unpredicted"
"vOTU_6312","unpredicted"
"vOTU_6325","unpredicted"
"vOTU_6445","unpredicted"
"vOTU_6471","unpredicted"
"vOTU_6486","unpredicted"
"vOTU_6656","unpredicted"
"vOTU_6693","unpredicted"
"vOTU_6757","unpredicted"
"vOTU_6761","unpredicted"
"vOTU_6780","unpredicted"
"vOTU_6863","unpredicted"
"vOTU_6889","unpredicted"
"vOTU_6993","unpredicted"
"vOTU_7028","unpredicted"
"vOTU_7042","unpredicted"
"vOTU_7045","unpredicted"
"vOTU_7429","unpredicted"
"vOTU_8103","unpredicted"
"vOTU_8399","unpredicted"
"vOTU_9584","unpredicted"
"vOTU_9777","unpredicted"
"vOTU_9968","unpredicted"
"vOTU_10090","unpredicted"
"vOTU_10508","unpredicted"
"vOTU_10801","unpredicted"
"vOTU_10838","unpredicted"
"vOTU_10869","unpredicted"
"vOTU_10874","unpredicted"
"vOTU_10877","unpredicted"
"vOTU_10963","unpredicted"
"vOTU_11076","unpredicted"
"vOTU_11470","unpredicted"
"vOTU_11615","unpredicted"
"vOTU_11803","unpredicted"
"vOTU_11921","unpredicted"
"vOTU_12114","unpredicted"
"vOTU_12219","unpredicted"
"vOTU_12276","unpredicted"
"vOTU_13103","unpredicted"
"vOTU_13106","unpredicted"
"vOTU_13135","unpredicted"
"vOTU_13205","unpredicted"
"vOTU_13210","unpredicted"
"vOTU_13262","unpredicted"
"vOTU_13433","unpredicted"
"vOTU_13481","unpredicted"
"vOTU_13768","unpredicted"
"vOTU_13945","unpredicted"
"vOTU_14134","unpredicted"
"vOTU_14180","unpredicted"
"vOTU_14248","unpredicted"
"vOTU_14726","unpredicted"
"vOTU_14807","unpredicted"
"vOTU_14914","unpredicted"
"vOTU_15106","unpredicted"
"vOTU_15403","unpredicted"
"vOTU_15748","unpredicted"
"vOTU_15924","unpredicted"
"vOTU_16177","unpredicted"
"vOTU_16239","unpredicted"
"vOTU_16280","unpredicted"
"vOTU_16337","unpredicted"
"vOTU_16383","unpredicted"
"vOTU_16436","unpredicted"
"vOTU_16952","unpredicted"
"vOTU_17007","unpredicted"
"vOTU_17229","unpredicted"
"vOTU_17656","unpredicted"
"vOTU_17679","unpredicted"
"vOTU_17880","unpredicted"
"vOTU_18017","unpredicted"
"vOTU_18063","unpredicted"
"vOTU_18129","unpredicted"
"vOTU_18162","unpredicted"
"vOTU_18228","unpredicted"
"vOTU_18291","unpredicted"
"vOTU_18405","unpredicted"
"vOTU_18413","unpredicted"
"vOTU_18518","unpredicted"
"vOTU_18525","unpredicted"
"vOTU_18529","unpredicted"
"vOTU_18634","unpredicted"
"vOTU_18733","unpredicted"
"vOTU_18824","unpredicted"
"vOTU_18839","unpredicted"
"vOTU_18870","unpredicted"
"vOTU_18909","unpredicted"
"vOTU_19026","unpredicted"
"vOTU_19070","unpredicted"
"vOTU_19072","unpredicted"
"vOTU_19084","unpredicted"
"vOTU_19115","unpredicted"
"vOTU_19125","unpredicted"
"vOTU_19133","unpredicted"
"vOTU_19137","unpredicted"
"vOTU_19231","unpredicted"
"vOTU_19236","unpredicted"
"vOTU_19281","unpredicted"
"vOTU_19286","unpredicted"
"vOTU_19356","unpredicted"
"vOTU_19406","unpredicted"
"vOTU_19417","unpredicted"
"vOTU_19434","unpredicted"
"vOTU_19465","unpredicted"
"vOTU_19491","unpredicted"
"vOTU_19498","unpredicted"
"vOTU_19539","unpredicted"
"vOTU_19567","unpredicted"
"vOTU_19761","unpredicted"
"vOTU_19786","unpredicted"
"vOTU_19859","unpredicted"
"vOTU_19901","unpredicted"
"vOTU_19917","unpredicted"
"vOTU_19932","unpredicted"
"vOTU_19954","unpredicted"
"vOTU_19959","unpredicted"
"vOTU_19962","unpredicted"
"vOTU_19972","unpredicted"
"vOTU_19976","unpredicted"
"vOTU_19983","unpredicted"
"vOTU_20000","unpredicted"
"vOTU_20064","unpredicted"
"vOTU_20182","unpredicted"
"vOTU_20205","unpredicted"
"vOTU_20237","unpredicted"
"vOTU_20289","unpredicted"
"vOTU_20291","unpredicted"
"vOTU_20296","unpredicted"
"vOTU_20326","unpredicted"
"vOTU_20521","unpredicted"
"vOTU_20679","unpredicted"
"vOTU_20766","unpredicted"
"vOTU_20779","unpredicted"
"vOTU_20781","unpredicted"
"vOTU_20800","unpredicted"
"vOTU_21097","unpredicted"
"vOTU_21382","unpredicted"
"vOTU_21494","unpredicted"
"vOTU_21499","unpredicted"
"vOTU_21575","unpredicted"
"vOTU_21605","unpredicted"
"vOTU_21906","unpredicted"
"vOTU_22389","unpredicted"
"vOTU_22468","unpredicted"
"vOTU_22492","unpredicted"
"vOTU_22825","unpredicted"
"vOTU_22882","unpredicted"
"vOTU_23139","unpredicted"
"vOTU_23185","unpredicted"
"vOTU_23468","unpredicted"
"vOTU_24021","unpredicted"
"vOTU_24248","unpredicted"
"vOTU_25235","unpredicted"
"vOTU_25666","unpredicted"
"vOTU_25932","unpredicted"
"vOTU_26700","unpredicted"
"vOTU_29154","unpredicted"
"vOTU_29645","unpredicted"
"vOTU_31437","unpredicted"
"vOTU_31540","unpredicted"
